<?xml version="1.0" encoding="UTF-8"?>
<root>
  <item name="com.serenegiant.media.IRecorder.RecorderState">
    <annotation name="android.support.annotation.IntDef">
      <val name="value" val="{com.serenegiant.media.IRecorder.STATE_UNINITIALIZED, com.serenegiant.media.IRecorder.STATE_INITIALIZED, com.serenegiant.media.IRecorder.STATE_PREPARED, com.serenegiant.media.IRecorder.STATE_STARTING, com.serenegiant.media.IRecorder.STATE_STARTED, com.serenegiant.media.IRecorder.STATE_STOPPING}" />
    </annotation>
  </item>
  <item name="com.serenegiant.media.MediaReaper MediaReaper(int, android.media.MediaCodec, com.serenegiant.media.MediaReaper.ReaperListener) 0">
    <annotation name="android.support.annotation.IntDef">
      <val name="value" val="{com.serenegiant.media.MediaReaper.REAPER_VIDEO, com.serenegiant.media.MediaReaper.REAPER_AUDIO}" />
    </annotation>
  </item>
  <item name="com.serenegiant.media.MediaReaper int reaperType()">
    <annotation name="android.support.annotation.IntDef">
      <val name="value" val="{com.serenegiant.media.MediaReaper.REAPER_VIDEO, com.serenegiant.media.MediaReaper.REAPER_AUDIO}" />
    </annotation>
  </item>
  <item name="com.serenegiant.media.MediaReaper mReaperType">
    <annotation name="android.support.annotation.IntDef">
      <val name="value" val="{com.serenegiant.media.MediaReaper.REAPER_VIDEO, com.serenegiant.media.MediaReaper.REAPER_AUDIO}" />
    </annotation>
  </item>
  <item name="com.serenegiant.media.Recorder mState">
    <annotation name="android.support.annotation.IntDef">
      <val name="value" val="{com.serenegiant.media.IRecorder.STATE_UNINITIALIZED, com.serenegiant.media.IRecorder.STATE_INITIALIZED, com.serenegiant.media.IRecorder.STATE_PREPARED, com.serenegiant.media.IRecorder.STATE_STARTING, com.serenegiant.media.IRecorder.STATE_STARTED, com.serenegiant.media.IRecorder.STATE_STOPPING}" />
    </annotation>
  </item>
</root>

